Model;MAE;R2;EVS;RMSE
dummy_mean;7.575115303898865;-5.1994241978770006e-05;-4.440892098500626e-16;11.813011582579115
dummy_yesterday;9.732681599148563;-0.6663322860620253;0.009978585831737719;15.248606039846678
lin_reg;5.138456719592115;0.5644596156201098;0.5644711575444938;7.795851444028326
KNeighborsRegressor;5.733663006175098;0.46818363939134555;0.4696881164775054;8.614502205279576
DecisionTreeRegressor;4.222328331245734;0.6692680521804224;0.6692836611124897;6.793403552197867
RandomForestRegressor;3.959355908493969;0.7177370628312489;0.7177371845240491;6.275903655152336
XGBRegressor;4.015869044192386;0.7174216218061633;0.7174235769740858;6.279409472666378
