Model;MAE;R2;EVS;RMSE
dummy_yesterday;9.643839024522904;-0.6964349112940114;0.010056113140370027;14.91656727015561
