Model;MAE;R2;EVS;RMSE
Ridge;5.031960641368114;0.5582991575715911;0.5583049058878435;7.611397515410978
