Model;MAE;R2;EVS;RMSE
dummy_mean;7.551541697428025;-2.632679837488716e-05;0.0;11.710428362917682
dummy_yesterday;5.594391856928818;0.3461369984840531;0.3461618144248634;9.46913802139873
lin_reg;5.13038008197155;0.5611223883712924;0.5611245618912626;7.757803560291869
Ridge;5.130447347981455;0.5611242719297743;0.5611264446299418;7.757786912948751
KNeighborsRegressor;5.596785199738049;0.4826453653660884;0.4844482088838008;8.42289209406494
DecisionTreeRegressor;4.217264997698007;0.6641482807631056;0.6641511479109268;6.786421859317174
RandomForestRegressor;3.9206175733151167;0.7180836895655871;0.7180873026320507;6.217662814639676
XGBRegressor;3.984284618701716;0.7159387712036441;0.7159393953705617;6.241271076605995
MLPRegressor;4.795931634583383;0.6086408093533137;0.6232931212343865;7.325796215771377
